Filename,Subset-type,Speaker-ID,Chapter-ID,Segment-ID,Gender,Ref_trans.,Hyp_trans.,WER
1272-128104-0000.flac,dev-clean,1272,128104,0,M,"MISTER QUILTER IS THE APOSTLE OF THE MIDDLE CLASSES AND WE ARE GLAD TO WELCOME HIS GOSPEL
",MISTER QUILTER IS THE APOSTLE OF THE MIDDLE CLASSES AND WE ARE GLAD TO WELCOME HIS GOSPEL,0
1272-128104-0001.flac,dev-clean,1272,128104,1,M,"NOR IS MISTER QUILTER'S MANNER LESS INTERESTING THAN HIS MATTER
",NOR IS MR. QUILTERS MATTER LESS INTERESTING THAN HIS MATTER,0.3
1272-128104-0002.flac,dev-clean,1272,128104,2,M,"HE TELLS US THAT AT THIS FESTIVE SEASON OF THE YEAR WITH CHRISTMAS AND ROAST BEEF LOOMING BEFORE US SIMILES DRAWN FROM EATING AND ITS RESULTS OCCUR MOST READILY TO THE MIND
",HE TELLS US THAT AT THIS FESTIVE SEASON OF THE YEAR WITH CHRISTMAS AND A ROAST BEEF LOOMING BEFORE US SIMILES DRAWN FROM EATING AND ITS RESULTS OF HER MOST READILY TO THE MINE,0.125
1272-128104-0003.flac,dev-clean,1272,128104,3,M,"HE HAS GRAVE DOUBTS WHETHER SIR FREDERICK LEIGHTON'S WORK IS REALLY GREEK AFTER ALL AND CAN DISCOVER IN IT BUT LITTLE OF ROCKY ITHACA
",HE HAS GRAVE DOUBTS WHETHER SIR FREDERIC LEIGHTON WORK IS RIDDICK GREEK AFTER ALL AND CAN DISCOVER IN IT BUT LITTLE OF ROCKY ITHACA,0.125
1272-128104-0004.flac,dev-clean,1272,128104,4,M,"LINNELL'S PICTURES ARE A SORT OF UP GUARDS AND AT EM PAINTINGS AND MASON'S EXQUISITE IDYLLS ARE AS NATIONAL AS A JINGO POEM MISTER BIRKET FOSTER'S LANDSCAPES SMILE AT ONE MUCH IN THE SAME WAY THAT MISTER CARKER USED TO FLASH HIS TEETH AND MISTER JOHN COLLIER GIVES HIS SITTER A CHEERFUL SLAP ON THE BACK BEFORE HE SAYS LIKE A SHAMPOOER IN A TURKISH BATH NEXT MAN
", MR. BURKE AT FOSTER'S LANDSCAPES SMILE AT 1 MUCH IN THE SAME WAY THAT MR. CROCKER USED TO FLASH HIS TEETH AND MR. JOHN COLLIER GIVES HIS SITTER A CHEERFUL SLAPPING THE BACK BEFORE HE SAYS LIKE A SHAMPOOER AND A TURKISH BATH NEXT MAN,0.441176471
1272-128104-0005.flac,dev-clean,1272,128104,5,M,"IT IS OBVIOUSLY UNNECESSARY FOR US TO POINT OUT HOW LUMINOUS THESE CRITICISMS ARE HOW DELICATE IN EXPRESSION
",IT IS OBVIOUSLY UNNECESSARY FOR US TO POINT OUT HOW LUMINOUS THESE CRITICISMS ARE HOW DELICATE AND EXPRESSION,0.055555556
1272-128104-0006.flac,dev-clean,1272,128104,6,M,"ON THE GENERAL PRINCIPLES OF ART MISTER QUILTER WRITES WITH EQUAL LUCIDITY
",ON THE GENERAL PRINCIPLES OF ART IN MYSTIC REALTOR WRITES WITH EQUAL LUCIDITY,0.25
1272-128104-0007.flac,dev-clean,1272,128104,7,M,"PAINTING HE TELLS US IS OF A DIFFERENT QUALITY TO MATHEMATICS AND FINISH IN ART IS ADDING MORE FACT
",PAINTING HE TELLS US IS OF A DIFFERENT QUALITY TO MATHEMATICS AND FINISH IN ART IS ADDING MORE FACT,0
1272-128104-0008.flac,dev-clean,1272,128104,8,M,"AS FOR ETCHINGS THEY ARE OF TWO KINDS BRITISH AND FOREIGN
",AS FOR ETCHINGS THERE ARE TWO KINDS BRITISH AND FOREIGN,0.181818182
1272-128104-0009.flac,dev-clean,1272,128104,9,M,"HE LAMENTS MOST BITTERLY THE DIVORCE THAT HAS BEEN MADE BETWEEN DECORATIVE ART AND WHAT WE USUALLY CALL PICTURES MAKES THE CUSTOMARY APPEAL TO THE LAST JUDGMENT AND REMINDS US THAT IN THE GREAT DAYS OF ART MICHAEL ANGELO WAS THE FURNISHING UPHOLSTERER
",SHE LAMENTS MOST BITTERLY THE DIVORCE THAT HAS BEEN MADE BETWEEN DECORATIVE ART AND WHAT WE USUALLY CALL PICTURES MAKES A CUSTOMARY APPEAL TO THE LAST JUDGMENT AND REMINDS US THAT IN THE GREAT DAYS OF ART MICHELANGELO WAS THE FURNISHING UPHOLSTERER,0.093023256
1272-128104-0010.flac,dev-clean,1272,128104,10,M,"NEAR THE FIRE AND THE ORNAMENTS FRED BROUGHT HOME FROM INDIA ON THE MANTEL BOARD
",YOU'RE THE FIRE AND THE ORNAMENTS FRED BROUGHT HOME FROM INDIA ON THE MENTAL BOARD,0.133333333
1272-128104-0011.flac,dev-clean,1272,128104,11,M,"IN FACT HE IS QUITE SEVERE ON MISTER RUSKIN FOR NOT RECOGNISING THAT A PICTURE SHOULD DENOTE THE FRAILTY OF MAN AND REMARKS WITH PLEASING COURTESY AND FELICITOUS GRACE THAT MANY PHASES OF FEELING
",IN FACT HE IS QUITE SEVERE ON MR. RUSKIN FOR NOT RECOGNIZING THAT I PICTURE SHOULD DO NOTE THE FRAILTY OF MAN AND REMARKS WITH PLEASING COURTESY INFELICITOUS GRACE THAT MANY FACES ARE FEELING,0.264705882
1272-128104-0012.flac,dev-clean,1272,128104,12,M,"ONLY UNFORTUNATELY HIS OWN WORK NEVER DOES GET GOOD
",ONLY UNFORTUNATELY HIS OWN WORK NEVER DOES GET GOOD,0
1272-128104-0013.flac,dev-clean,1272,128104,13,M,"MISTER QUILTER HAS MISSED HIS CHANCE FOR HE HAS FAILED EVEN TO MAKE HIMSELF THE TUPPER OF PAINTING
",MR. KRUGER HAS MISSED HIS CHANCE FOR HIS FAILED EVEN TO MAKE HIMSELF AT UPPER OF PAINTING,0.333333333
1272-128104-0014.flac,dev-clean,1272,128104,14,M,"BY HARRY QUILTER M A
",MY HAIR EQUILTER MA,1
1272-135031-0000.flac,dev-clean,1272,135031,0,M,"BECAUSE YOU WERE SLEEPING INSTEAD OF CONQUERING THE LOVELY ROSE PRINCESS HAS BECOME A FIDDLE WITHOUT A BOW WHILE POOR SHAGGY SITS THERE A COOING DOVE
",BECAUSE YOU WERE SLEEPING INSTEAD OF CONQUERING THE LOVELY ROSE PRINCESS HAS BECOME A FIDDLE WITHOUT A BOW I'LL PART OF SHAGGY SITS THERE A COOING DOVE,0.115384615
1272-135031-0001.flac,dev-clean,1272,135031,1,M,"HE HAS GONE AND GONE FOR GOOD ANSWERED POLYCHROME WHO HAD MANAGED TO SQUEEZE INTO THE ROOM BESIDE THE DRAGON AND HAD WITNESSED THE OCCURRENCES WITH MUCH INTEREST
",HE HAS GONE AND GONE FOR GOOD ANSWERED POLYCHROME WHO WOULD MANAGE TO SQUEEZE INTO THE ROOM BESIDE THE DRAGON AND HAD TO WITNESS THE OCCURRENCES WITH MUCH INTEREST,0.142857143
1272-135031-0002.flac,dev-clean,1272,135031,2,M,"I HAVE REMAINED A PRISONER ONLY BECAUSE I WISHED TO BE ONE AND WITH THIS HE STEPPED FORWARD AND BURST THE STOUT CHAINS AS EASILY AS IF THEY HAD BEEN THREADS
", AND WHAT SAYS SHE STEP FORWARD AND REVERSE THE STATE CHANGES EASILY AS IF THEY HAD BEEN THREADS,0.64516129
1272-135031-0003.flac,dev-clean,1272,135031,3,M,"THE LITTLE GIRL HAD BEEN ASLEEP BUT SHE HEARD THE RAPS AND OPENED THE DOOR
",A LITTLE GIRL HAVE BEEN ASLEEP BUT SHE HEARD THE RAP SONG OPEN THE DOOR,0.333333333
1272-135031-0004.flac,dev-clean,1272,135031,4,M,"THE KING HAS FLED IN DISGRACE AND YOUR FRIENDS ARE ASKING FOR YOU
",THE KING IS FLOODED DISGRACE AND YOUR FRIENDS ARE ASKING FOR YOU,0.230769231
1272-135031-0005.flac,dev-clean,1272,135031,5,M,"I BEGGED RUGGEDO LONG AGO TO SEND HIM AWAY BUT HE WOULD NOT DO SO
",I BEGGED RUGGEDO LONG AGO TO SEND THEM AWAY BUT HE WOULD NOT DO SO,0.066666667
1272-135031-0006.flac,dev-clean,1272,135031,6,M,"I ALSO OFFERED TO HELP YOUR BROTHER TO ESCAPE BUT HE WOULD NOT GO
",I ALSO OFFERED TO HELP YOUR BROTHER TO ESCAPE BUT IT WOULD NOT GO,0.071428571
1272-135031-0007.flac,dev-clean,1272,135031,7,M,"HE EATS AND SLEEPS VERY STEADILY REPLIED THE NEW KING
",HE EATS AND SLEEPS VERY STEADILY REPLIED THE NEW KING,0
1272-135031-0008.flac,dev-clean,1272,135031,8,M,"I HOPE HE DOESN'T WORK TOO HARD SAID SHAGGY
",I HOPE IT DOESN'T WORK TOO HARD SINCE SHAGGY,0.222222222
1272-135031-0009.flac,dev-clean,1272,135031,9,M,"HE DOESN'T WORK AT ALL
",HE DOESN'T WORK AT ALL,0
1272-135031-0010.flac,dev-clean,1272,135031,10,M,"IN FACT THERE IS NOTHING HE CAN DO IN THESE DOMINIONS AS WELL AS OUR NOMES WHOSE NUMBERS ARE SO GREAT THAT IT WORRIES US TO KEEP THEM ALL BUSY
",IN FACT THERE'S NOTHING HE CAN DO IN THESE DOMINIONS AS WELL AS OUR KNOWS WHOSE NUMBERS ARE SO GREAT THAT IT WORRIES US TO KEEP THEM ALL BUSY,0.1
1272-135031-0011.flac,dev-clean,1272,135031,11,M,"NOT EXACTLY RETURNED KALIKO
",NOT EXACTLY TURN CALICO,0.5
1272-135031-0012.flac,dev-clean,1272,135031,12,M,"WHERE IS MY BROTHER NOW
",WHERE IS MY BROTHER NOW,0
1272-135031-0013.flac,dev-clean,1272,135031,13,M,"INQUIRED SHAGGY IN THE METAL FOREST
",INQUIRED SHAGGY IN THE MIDDLE FOREST,0.166666667
1272-135031-0014.flac,dev-clean,1272,135031,14,M,"WHERE IS THAT
",WHERE IS THAT,0
1272-135031-0015.flac,dev-clean,1272,135031,15,M,"THE METAL FOREST IS IN THE GREAT DOMED CAVERN THE LARGEST IN ALL OUR DOMINIONS REPLIED KALIKO
",THE MIDDLE FOREST IS IN THE GREAT DOME CAVERN THE LARGEST IN ALL OUR DOMINIONS REPLIED CALICO,0.176470588
1272-135031-0016.flac,dev-clean,1272,135031,16,M,"KALIKO HESITATED
",CHEMICAL HESITATED,0.5
1272-135031-0017.flac,dev-clean,1272,135031,17,M,"HOWEVER IF WE LOOK SHARP WE MAY BE ABLE TO DISCOVER ONE OF THESE SECRET WAYS
",HOWEVER IF WE LOOK SHARP WE MAY BE ABLE TO DISCOVER ONE OF THESE SECRET WAYS,0
1272-135031-0018.flac,dev-clean,1272,135031,18,M,"OH NO I'M QUITE SURE HE DIDN'T
",OH NO I'M QUITE SURE HE DIDN'T,0
1272-135031-0019.flac,dev-clean,1272,135031,19,M,"THAT'S FUNNY REMARKED BETSY THOUGHTFULLY
",THAT'S FUNNY REMARK TO BETSY YOU THOUGHTFULLY,0.6
1272-135031-0020.flac,dev-clean,1272,135031,20,M,"I DON'T BELIEVE ANN KNEW ANY MAGIC OR SHE'D HAVE WORKED IT BEFORE
",I DON'T BELIEVE AND KNEW ANY MAGIC OR SHE'D HAVE WORKED BEFORE,0.153846154
1272-135031-0021.flac,dev-clean,1272,135031,21,M,"I DO NOT KNOW CONFESSED SHAGGY
",I DO NOT KNOW CONFESSED SHAGGY,0
1272-135031-0022.flac,dev-clean,1272,135031,22,M,"TRUE AGREED KALIKO
",TRUE AGREED CALICO,0.333333333
1272-135031-0023.flac,dev-clean,1272,135031,23,M,"KALIKO WENT TO THE BIG GONG AND POUNDED ON IT JUST AS RUGGEDO USED TO DO BUT NO ONE ANSWERED THE SUMMONS
",CALICO WENT TO THE BIG KONG AND POUNDED ON IT JUST AS WE'RE GOING TO USED TO DO BUT NO ONE ANSWERED THE SUMMONS,0.227272727
1272-135031-0024.flac,dev-clean,1272,135031,24,M,"HAVING RETURNED TO THE ROYAL CAVERN KALIKO FIRST POUNDED THE GONG AND THEN SAT IN THE THRONE WEARING RUGGEDO'S DISCARDED RUBY CROWN AND HOLDING IN HIS HAND THE SCEPTRE WHICH RUGGEDO HAD SO OFTEN THROWN AT HIS HEAD
",HAVING RETURNED TO THE ROYAL CAVERN CALICO FIRST POUND OF THE GONG AND THEN SAT ON THE THRONE WEARING REGULAR HAS DISCARDED RUBY CROWN AND HOLDING IN HIS HANDS A SCEPTER WHICH RUGGEDO HAD SO OFTEN THROWN AT HIS HEAD,0.236842105
1272-141231-0000.flac,dev-clean,1272,141231,0,M,"A MAN SAID TO THE UNIVERSE SIR I EXIST
",A MAN SAID TO THE UNIVERSE SIR I EXIST,0
1272-141231-0001.flac,dev-clean,1272,141231,1,M,"SWEAT COVERED BRION'S BODY TRICKLING INTO THE TIGHT LOINCLOTH THAT WAS THE ONLY GARMENT HE WORE
",SWEAT COVERED BRIONES BODY TRICKLING INTO THE TITLING KLOSS I WAS THE ONLY GARMENT HE WORE,0.25
1272-141231-0002.flac,dev-clean,1272,141231,2,M,"THE CUT ON HIS CHEST STILL DRIPPING BLOOD THE ACHE OF HIS OVERSTRAINED EYES EVEN THE SOARING ARENA AROUND HIM WITH THE THOUSANDS OF SPECTATORS WERE TRIVIALITIES NOT WORTH THINKING ABOUT
",THE CUT ON HIS CHEST STILL DRIPPING BLOOD TO ACHE OF HIS OVER STRAINED EYES EVEN TO SOARING ARENA AROUND HIM WITH THE THOUSANDS OF SPECTATORS RETRIEVE THE REALITY IS NOT WORTH THINKING ABOUT,0.258064516
1272-141231-0003.flac,dev-clean,1272,141231,3,M,"HIS INSTANT OF PANIC WAS FOLLOWED BY A SMALL SHARP BLOW HIGH ON HIS CHEST
",IS INSTANT PANIC WAS FOLLOWED BY A SMALL SHARP BLOW HIGH ON HIS CHEST,0.133333333
1272-141231-0004.flac,dev-clean,1272,141231,4,M,"ONE MINUTE A VOICE SAID AND THE TIME BUZZER SOUNDED
",ONE MINUTE OF VOICE SAID AND THE TIME BUZZER SOUNDED,0.1
1272-141231-0005.flac,dev-clean,1272,141231,5,M,"A MINUTE IS NOT A VERY LARGE MEASURE OF TIME AND HIS BODY NEEDED EVERY FRACTION OF IT
",A MINUTE IS NOT A VERY LARGE MEASURE OF TIME AND HIS BUDDY NEEDED EVERY FRACTION OF IT,0.055555556
1272-141231-0006.flac,dev-clean,1272,141231,6,M,"THE BUZZER'S WHIRR TRIGGERED HIS MUSCLES INTO COMPLETE RELAXATION
",THE BUZZERS WERE TRIGGERED HIS MUSCLES AND COMPLETE RELAXATION,0.333333333
1272-141231-0007.flac,dev-clean,1272,141231,7,M,"ONLY HIS HEART AND LUNGS WORKED ON AT A STRONG MEASURED RATE
",OLLIE'S HEART AND LUNGS WORKED ON AT A STRONG MEASURED RATE,0.166666667
1272-141231-0008.flac,dev-clean,1272,141231,8,M,"HE WAS IN REVERIE SLIDING ALONG THE BORDERS OF CONSCIOUSNESS
",HE WAS IN THE REFEREE SLIDING ALONG THE BORDERS OF CONSCIOUSNESS,0.2
1272-141231-0009.flac,dev-clean,1272,141231,9,M,"THE CONTESTANTS IN THE TWENTIES NEEDED UNDISTURBED REST THEREFORE NIGHTS IN THE DORMITORIES WERE AS QUIET AS DEATH
",THE CONTESTANTS IN THE TWENTIES NEEDED UNDISTURBED REST THERE FOUR NIGHTS IN THE DORMITORIES WERE AS QUIET AS DEATH,0.111111111
1272-141231-0010.flac,dev-clean,1272,141231,10,M,"PARTICULARLY SO ON THIS LAST NIGHT WHEN ONLY TWO OF THE LITTLE CUBICLES WERE OCCUPIED THE THOUSANDS OF OTHERS STANDING WITH DARK EMPTY DOORS
",CURLY SEW ON THIS LAST NIGHT WHEN ONLY TWO OF THE LITTLE CUBICLES WERE OCCUPIED SO THOUSANDS OF OTHER STANDING WITH DARK EMPTY DOORS,0.166666667
1272-141231-0011.flac,dev-clean,1272,141231,11,M,"THE OTHER VOICE SNAPPED WITH A HARSH URGENCY CLEARLY USED TO COMMAND
",THE OTHER VOICE SNAPPED WITH A HARSH URGENCY CLEARLY USED TO COMMAND,0
1272-141231-0012.flac,dev-clean,1272,141231,12,M,"I'M HERE BECAUSE THE MATTER IS OF UTMOST IMPORTANCE AND BRANDD IS THE ONE I MUST SEE NOW STAND ASIDE
",I'M SURE BECAUSE THE MATTER IS OF UTMOST IMPORTANCE AND BRAND IS SO WHEN IMMA SEE THAT STAND ASIDE,0.35
1272-141231-0013.flac,dev-clean,1272,141231,13,M,"THE TWENTIES
",THE TWENTIES,0
1272-141231-0014.flac,dev-clean,1272,141231,14,M,"HE MUST HAVE DRAWN HIS GUN BECAUSE THE INTRUDER SAID QUICKLY PUT THAT AWAY YOU'RE BEING A FOOL OUT
",MUST HAVE DRAWN HIS GUN BECAUSE THE INTRUDERS HAD QUICKLY BUT THAT AWAY FOR BEING A FOOL OUT,0.263157895
1272-141231-0015.flac,dev-clean,1272,141231,15,M,"THERE WAS SILENCE THEN AND STILL WONDERING BRION WAS ONCE MORE ASLEEP
",THERE WAS SILENCE THEN AND STILL WONDERING BRIANNA WAS ONCE MORE ASLEEP,0.083333333
1272-141231-0016.flac,dev-clean,1272,141231,16,M,"TEN SECONDS
",10 SECONDS,0
1272-141231-0017.flac,dev-clean,1272,141231,17,M,"HE ASKED THE HANDLER WHO WAS KNEADING HIS ACHING MUSCLES
",HE ASKED THE HANDLER WAS NEEDING HIS ACHING MUSCLES,0.2
1272-141231-0018.flac,dev-clean,1272,141231,18,M,"A RED HAIRED MOUNTAIN OF A MAN WITH AN APPARENTLY INEXHAUSTIBLE STORE OF ENERGY
",A RED-HAIRED MOUNTAIN OF A MAN WITH AN APPARENTLY INEXHAUSTIBLE STORE OF ENERGY,0
1272-141231-0019.flac,dev-clean,1272,141231,19,M,"THERE COULD BE LITTLE ART IN THIS LAST AND FINAL ROUND OF FENCING
",THERE COULD BE A LITTLE ART IN THIS LAST AND FINAL ROUND OF FENCING,0.076923077
1272-141231-0020.flac,dev-clean,1272,141231,20,M,"JUST THRUST AND PARRY AND VICTORY TO THE STRONGER
",JUST THRUST AND PARRY AND VICTORY TO THE STRONGER,0
1272-141231-0021.flac,dev-clean,1272,141231,21,M,"EVERY MAN WHO ENTERED THE TWENTIES HAD HIS OWN TRAINING TRICKS
",EVERY MAN WHO WENT INTO THE TWENTIES HAD HIS OWN TRAINING TRICKS,0.181818182
1272-141231-0022.flac,dev-clean,1272,141231,22,M,"THERE APPEARED TO BE AN IMMEDIATE ASSOCIATION WITH THE DEATH TRAUMA AS IF THE TWO WERE INEXTRICABLY LINKED INTO ONE
",THERE APPEARED TO BE AN IMMEDIATE ASSOCIATION WHAT'S THE DEAF DRAMA AS IF THE TWO WERE INEXTRICABLY LINKED INTO ONE,0.15
1272-141231-0023.flac,dev-clean,1272,141231,23,M,"THE STRENGTH THAT ENABLES SOMEONE IN A TRANCE TO HOLD HIS BODY STIFF AND UNSUPPORTED EXCEPT AT TWO POINTS THE HEAD AND HEELS
",THE STRENGTH THAT ENABLES SOMEONE IN A TRANCE TO HOLD HIS BODY STIFF AND UNSUPPORTED ACCEPTED TWO POINTS TO HEAD AND HEELS,0.130434783
1272-141231-0024.flac,dev-clean,1272,141231,24,M,"THIS IS PHYSICALLY IMPOSSIBLE WHEN CONSCIOUS
",THIS IS PHYSICALLY IMPOSSIBLE WHEN CONSCIOUS,0
1272-141231-0025.flac,dev-clean,1272,141231,25,M,"OTHERS HAD DIED BEFORE DURING THE TWENTIES AND DEATH DURING THE LAST ROUND WAS IN SOME WAYS EASIER THAN DEFEAT
",I JUST HAD DIED BEFORE DURING THE 20S AND S DURING THE LAST ROUND WAS IN SOME WAYS EASIER THAN DEFEAT,0.2
1272-141231-0026.flac,dev-clean,1272,141231,26,M,"BREATHING DEEPLY BRION SOFTLY SPOKE THE AUTO HYPNOTIC PHRASES THAT TRIGGERED THE PROCESS
",BREATHING DEEPLY BRIANNA SOFT PLAY SPOKE THE OTHER HYPNOTIC PHRASES THAT TRIGGERED THE PROCESS,0.307692308
1272-141231-0027.flac,dev-clean,1272,141231,27,M,"WHEN THE BUZZER SOUNDED HE PULLED HIS FOIL FROM HIS SECOND'S STARTLED GRASP AND RAN FORWARD
",BUT THE BUZZER SOUNDED HE PULLED HIS FOIL FROM HIS SECOND STARTLED GRASP AND RAN FORWARD,0.125
1272-141231-0028.flac,dev-clean,1272,141231,28,M,"IROLG LOOKED AMAZED AT THE SUDDEN FURY OF THE ATTACK THEN SMILED
",I ROLLED LOOKED AMAZED AT THE SUDDEN FURY OF THE ATTACK THEN SMILED,0.166666667
1272-141231-0029.flac,dev-clean,1272,141231,29,M,"HE THOUGHT IT WAS A LAST BURST OF ENERGY HE KNEW HOW CLOSE THEY BOTH WERE TO EXHAUSTION
",HE SAID IT WAS THE LAST BURST OF ENERGY HE KNEW HOW CLOSE THEY BOTH WERE TO EXHAUSTION,0.111111111
1272-141231-0030.flac,dev-clean,1272,141231,30,M,"BRION SAW SOMETHING CLOSE TO PANIC ON HIS OPPONENT'S FACE WHEN THE MAN FINALLY RECOGNIZED HIS ERROR
",FREON SAW SOMETHING CLOSE TO PANIC ON HIS OPPONENT'S FACE WHEN THE MAN FINALLY RECOGNIZE HIS ERROR,0.117647059
1272-141231-0031.flac,dev-clean,1272,141231,31,M,"A WAVE OF DESPAIR ROLLED OUT FROM IROLG BRION SENSED IT AND KNEW THE FIFTH POINT WAS HIS
",A WAVE OF DESPAIR ROLLED OATS FROM I ROLLED FREE AND SENSITIVE AND NEWS OF HIS POINT WAS HIS,0.5
1272-141231-0032.flac,dev-clean,1272,141231,32,M,"THEN THE POWERFUL TWIST THAT THRUST IT ASIDE IN AND UNDER THE GUARD
",THEN THE POWERFUL TWIST THAT'S FOR US TO DECIDE IN AN UNDER THE GUARD,0.461538462
8842-302196-0000.flac,dev-clean,8842,302196,0,F,"HE TRANSLATED AT AN EARLY AGE CHIEFLY BETWEEN EIGHTEEN FORTY FIVE AND EIGHTEEN FORTY NINE A GREAT NUMBER OF POEMS BY THE ITALIANS CONTEMPORARY WITH DANTE OR PRECEDING HIM AND AMONG OTHER THINGS HE MADE A VERSION OF THE WHOLE VITA NUOVA PROSE AND VERSE
",HE TRANSLATED AT AN EARLY AGE CHIEFLY BETWEEN 1845 AND 1849 A GREAT NUMBER OF POEMS BY THE ITALIANS CONTEMPORARY WITH DANTE OR PROCEEDING HIM AND AMONG OTHER THINGS HE MADE A VERSION OF THE WHOLE V10 WATER PROSE AND VERSE,0.288888889
8842-302196-0001.flac,dev-clean,8842,302196,1,F,"THIS BOOK IN ITS ORIGINAL FORM WAS RECEIVED WITH FAVOUR AND SETTLED THE CLAIM OF ROSSETTI TO RANK AS A POETIC TRANSLATOR OR INDEED AS A POET IN HIS OWN RIGHT
",THIS BOOK AND ITS ORIGINAL FORM WAS RECEIVED WITH FAVOR AND SETTLED THE CLAIM OF ROSSETTI TO RANK AS A POETIC TRANSLATOR OR INDEED AS A POET IN HIS OWN RIGHT,0.064516129
8842-302196-0002.flac,dev-clean,8842,302196,2,F,"THE LIFE BLOOD OF RHYTHMICAL TRANSLATION IS THIS COMMANDMENT THAT A GOOD POEM SHALL NOT BE TURNED INTO A BAD ONE
",THE LIFEBLOOD OF RHYTHMICAL TRANSLATION IS THIS COMMANDMENT THAT A GOOD POEM SHALL NOT BE TURNED INTO A BAD ONE,0.095238095
8842-302196-0003.flac,dev-clean,8842,302196,3,F,"THE ONLY TRUE MOTIVE FOR PUTTING POETRY INTO A FRESH LANGUAGE MUST BE TO ENDOW A FRESH NATION AS FAR AS POSSIBLE WITH ONE MORE POSSESSION OF BEAUTY
",THE ONLY TRUE MOTIVE FOR PUTTING POETRY INTO A FRESH LANGUAGE MUST BE TO ENDOW WITH FRESH NATION AS FAR AS POSSIBLE WITH ONE MORE POSSESSION OF BEAUTY,0.035714286
8842-302196-0004.flac,dev-clean,8842,302196,4,F,"POETRY NOT BEING AN EXACT SCIENCE LITERALITY OF RENDERING IS ALTOGETHER SECONDARY TO THIS CHIEF LAW
",POETRY NOT BEING AN EXACT SCIENCE THAT ARE ALREADY OF RENDERING IS ALTOGETHER SECONDARY TO THIS CHIEF LAW,0.1875
8842-302196-0005.flac,dev-clean,8842,302196,5,F,"OFTEN WOULD HE AVAIL HIMSELF OF ANY SPECIAL GRACE OF HIS OWN IDIOM AND EPOCH IF ONLY HIS WILL BELONGED TO HIM OFTEN WOULD SOME CADENCE SERVE HIM BUT FOR HIS AUTHOR'S STRUCTURE SOME STRUCTURE BUT FOR HIS AUTHOR'S CADENCE OFTEN THE BEAUTIFUL TURN OF A STANZA MUST BE WEAKENED TO ADOPT SOME RHYME WHICH WILL TALLY AND HE SEES THE POET REVELLING IN ABUNDANCE OF LANGUAGE WHERE HIMSELF IS SCANTILY SUPPLIED
",AUSTIN WITH YOU AVAIL HIMSELF OF ANY SPECIAL GRACE OF HIS OWN IDIOM IN EPIC IF ONLY HIS WILL BELONG TO HIM OFTEN WOULD SOME CADENCE SERVE HIM BUT FOR HIS AUTHOR STRUCTURE SOME STRUCTURE BUT FOR HIS FIRST CADENCE OFF AND THE BEAUTIFUL TURN OF A STANZA MUST BE WEAKENED TO ADOPT SOME RON WHICH WILL TALLY AND HE SEES THE POET REVELING IN ABUNDANCE OF LANGUAGE WHERE HIMSELF IS CANCELING SUPPLIED,0.180555556
8842-302196-0006.flac,dev-clean,8842,302196,6,F,"AND IF YOU HAVE TIME IT WOULD BE A GREAT SERVICE TO TRANSLATE THE ANALYSES OF THE POEMS WHICH I OMITTED
",AND IF YOU HAVE TIME IT WOULD BE A GREAT SERVICE TO TRANSLATE THE ANALYSIS OF THE POEM WHICH I ADMIT IT,0.19047619
8842-302196-0007.flac,dev-clean,8842,302196,7,F,"ON JANUARY TWENTY FIFTH HE WROTE MANY AND MANY THANKS FOR A MOST ESSENTIAL SERVICE MOST THOROUGHLY PERFORMED
",ON JANUARY 25TH HE WROTE MANY AND MANY THANKS FOR MOST ESSENTIAL SERVICE MOST THOROUGHLY PERFORMED,0.111111111
8842-302196-0008.flac,dev-clean,8842,302196,8,F,"MY NOTES WHICH YOU HAVE TAKEN THE TROUBLE OF REVISING ARE OF COURSE QUITE PALTRY AND USELESS
",MY NOTES WHAT YOU HAVE TAKEN THE TROUBLE OF REVISING OR OF COURSE QUITE PALTRY AND USELESS,0.117647059
8842-302196-0009.flac,dev-clean,8842,302196,9,F,"IT IS THEREFORE AND ON ALL ACCOUNTS UNNECESSARY TO SAY MUCH MORE OF THE WORK HERE THAN IT SAYS FOR ITSELF
",IT IS THEREFORE AND ON ALL ACCOUNTS UNNECESSARY TO SAY MUCH MORE OF THE WORK HERE THEN IT SAYS FOR ITSELF,0.047619048
8842-302196-0010.flac,dev-clean,8842,302196,10,F,"THROUGHOUT THE VITA NUOVA THERE IS A STRAIN LIKE THE FIRST FALLING MURMUR WHICH REACHES THE EAR IN SOME REMOTE MEADOW AND PREPARES US TO LOOK UPON THE SEA
",THROUGHOUT THE VITA NUOVA THERE'S A STRAIN LIKE THE FIRST FALLING MURMUR WHICH REACHES THE EAR AND SOME REMOTE MEADOW AND PREPARES US TO LOOK UPON THE SEA,0.103448276
8842-302196-0011.flac,dev-clean,8842,302196,11,F,"A WORD SHOULD BE SAID HERE OF THE TITLE OF DANTE'S AUTOBIOGRAPHY
",A WORD SHOULD BE SAID HERE IF THE TITLE OF DANTE'S AUTOBIOGRAPHY,0.083333333
8842-302196-0012.flac,dev-clean,8842,302196,12,F,"THIS HAS INDUCED SOME EDITORS OF THE VITA NUOVA TO EXPLAIN THE TITLE AS MEANING EARLY LIFE
",THIS HASN'T DO SOME EDITORS OF THE VITA NUOVA TO EXPLAIN THE TITLE AS MEETING EARLY LIFE,0.176470588
8842-302201-0000.flac,dev-clean,8842,302201,0,F,"THEREAFTER THIS SONNET BRED IN ME DESIRE TO WRITE DOWN IN VERSE FOUR OTHER THINGS TOUCHING MY CONDITION THE WHICH THINGS IT SEEMED TO ME THAT I HAD NOT YET MADE MANIFEST
",THEREAFTER THE SONIC BREAD AND ME DESIRE TO WRITE DOWN AND VERSE FOR OTHER THINGS TOUCHING MY CONDITION THE WITCH THINGS THAT SEEMED TO ME THAT I HAD NOT YET MADE MANIFEST,0.25
8842-302201-0001.flac,dev-clean,8842,302201,1,F,"WHICH THING BEING THUS THERE CAME A DAY WHEN CERTAIN LADIES TO WHOM IT WAS WELL KNOWN THEY HAVING BEEN WITH ME AT DIVERS TIMES IN MY TROUBLE WERE MET TOGETHER FOR THE PLEASURE OF GENTLE COMPANY
",WHICH FINDING ROSTER CAME A DAY WHEN CERTAIN LADIES TO WHOM IT WAS WELL-KNOWN THEY HAVEN'T BEEN WITH ME AT THE FIRST TIMES IN MY TROUBLE WERE MET TOGETHER FOR THE PLEASURE OF CATTLE COMPANY,0.216216216
8842-302201-0002.flac,dev-clean,8842,302201,2,F,"BUT WHEN I STILL SPAKE NOT ONE OF THEM WHO BEFORE HAD BEEN TALKING WITH ANOTHER ADDRESSED ME BY MY NAME SAYING TO WHAT END LOVEST THOU THIS LADY SEEING THAT THOU CANST NOT SUPPORT HER PRESENCE
",BUT WHEN I STILL SPEAK NOT ONE OF THEM WHO BEFORE HAVE BEEN TALKING WITH ANOTHER ADDRESS ME BY MY NAME SAYING TO WHAT I LOVE ABOUT THIS LADY SING THAT THOU CANST NOT SUPPORT HER PRESENTS,0.216216216
8842-302201-0003.flac,dev-clean,8842,302201,3,F,"AND NOW THAT IT HATH PLEASED HER TO DENY ME THIS LOVE MY MASTER OF HIS GREAT GOODNESS HATH PLACED ALL MY BEATITUDE THERE WHERE MY HOPE WILL NOT FAIL ME
",AND NOW THAT IT HAS PLEASED HER TO DENY ME THIS LOVE MY MASTER OF HIS GREAT GOODNESS HAVE PLACED ALL MY BEATITUDE THERE WHERE MY HOPE WILL NOT FAIL ME,0.064516129
8842-302201-0004.flac,dev-clean,8842,302201,4,F,"THEN THOSE LADIES BEGAN TO TALK CLOSELY TOGETHER AND AS I HAVE SEEN SNOW FALL AMONG THE RAIN SO WAS THEIR TALK MINGLED WITH SIGHS
",THEN THOSE LADIES BEGAN TO TALK CLOSELY TOGETHER AND AS I HAVE SEEN SNOWFALL AMONG THE RAIN SO IS THERE TALK MINGLED WITH SIZE,0.2
8842-302201-0005.flac,dev-clean,8842,302201,5,F,"AND I DECLARE THAT WHEN I SPEAK THEREOF LOVE SHEDS SUCH PERFECT SWEETNESS OVER ME THAT IF MY COURAGE FAILED NOT CERTAINLY TO HIM MY LISTENERS MUST BE ALL RESIGN'D
",AND I DECLARE THAT WHEN I SPEAK THEIR OF LOVE SHED SUCH PERFECT SWEETNESS OVER ME THAT IF MY COURAGE FAILED NOT CERTAINLY TO HIM MY LISTENERS MUST BE ALL RESIGNED,0.133333333
8842-302201-0006.flac,dev-clean,8842,302201,6,F,"WHATEVER HER SWEET EYES ARE TURNED UPON SPIRITS OF LOVE DO ISSUE THENCE IN FLAME WHICH THROUGH THEIR EYES WHO THEN MAY LOOK ON THEM PIERCE TO THE HEART'S DEEP CHAMBER EVERY ONE
",WHATEVER HER SWEET EYES ARE TURNED UPON SPIRITS OF LOVED TO ISSUE THEM SINCE FLAME WHICH THROUGH THEIR EYES WHO THEN THEY LOOK ON THEM PIERCED TO THE HEARTS DEEP CHAMBER EVERYONE,0.272727273
8842-302201-0007.flac,dev-clean,8842,302201,7,F,"TO HER I WEND ALONG IN WHOSE MUCH STRENGTH MY WEAKNESS IS MADE STRONG
",TELL HER I WENT ALONG AND WHO'S MUCH STRENGTH MY WEAKNESS IS MADE STRONG,0.285714286
8842-302201-0008.flac,dev-clean,8842,302201,8,F,"SO TO THE ROAD THOU SHALT BE RECONCILED AND FIND THE LADY AND WITH THE LADY LOVE
",SO TO THE ROAD. SCHULTZ BE RECONCILED AND FIND THE LADY AND WITH THE LADY LOVE,0.117647059
8842-302201-0009.flac,dev-clean,8842,302201,9,F,"THE SECOND BEGINS HERE AN ANGEL THE THIRD HERE DEAR SONG I KNOW
",THE SECOND BEGINS HERE AN ANGEL THE THIRD HEAR YOUR SONG I KNOW,0.153846154
8842-302201-0010.flac,dev-clean,8842,302201,10,F,"THE FIRST PART IS DIVIDED INTO FOUR
",THE FIRST PART IS DIVIDED INTO FOUR,0
8842-302201-0011.flac,dev-clean,8842,302201,11,F,"IN THE THIRD I SAY WHAT IT IS I PURPOSE TO SPEAK SO AS NOT TO BE IMPEDED BY FAINTHEARTEDNESS
",IN THE THIRD I SAY WHAT IT IS I PURPOSE TO SPEAK SO AS NOT TO BE IMPEDED BY FAINTHEARTEDNESS,0
8842-302201-0012.flac,dev-clean,8842,302201,12,F,"IN THE FOURTH REPEATING TO WHOM I PURPOSE SPEAKING I TELL THE REASON WHY I SPEAK TO THEM
",AND THE FOURTH REPEATING TO WHO MY PURPOSE SPEAKING I TELL THE REASON WHY I SPEAK TO THEM,0.166666667
8842-302201-0013.flac,dev-clean,8842,302201,13,F,"IN THE SECOND I TELL WHAT IS UNDERSTOOD OF HER ON EARTH HERE MY LADY IS DESIRED
",IN THE SECOND I TELL WHAT IS UNDERSTOOD OF HER ON EARTH HERE MY LADY IS DESIRED,0
8842-302201-0014.flac,dev-clean,8842,302201,14,F,"THIS SECOND PART IS DIVIDED INTO TWO FOR IN THE FIRST I SPEAK OF HER AS REGARDS THE NOBLENESS OF HER SOUL RELATING SOME OF HER VIRTUES PROCEEDING FROM HER SOUL IN THE SECOND I SPEAK OF HER AS REGARDS THE NOBLENESS OF HER BODY NARRATING SOME OF HER BEAUTIES HERE LOVE SAITH CONCERNING HER
",THE SECOND PART IS DIVIDED INTO TWO FOR IN THE FIRST I SPEAK OF HER AS REGARDS THE NOBLENESS OF HER SALT REALLY GETTING SOME OF HER VIRTUES PROCEEDING FROM HER SOUL AND THE SECOND I SPEAK OF HER AS REGARDS THE NOBLENESS OF HER BODY NARRATING SEND A FEW DAYS HERE LOVE SAFE CONCERNING HER,0.181818182
8842-302201-0015.flac,dev-clean,8842,302201,15,F,"THIS SECOND PART IS DIVIDED INTO TWO FOR IN THE ONE I SPEAK OF THE EYES WHICH ARE THE BEGINNING OF LOVE IN THE SECOND I SPEAK OF THE MOUTH WHICH IS THE END OF LOVE
",THE SECOND PART IS DIVIDED INTO TWO FOR IN THE ONE I SPEAK OF THE EYES WHICH ARE THE BEGINNING OF LOVE IN THE SECOND I SPEAK OF THE MOUTH WHICH IS THE END OF LOVE,0.027777778
8842-302203-0000.flac,dev-clean,8842,302203,0,F,"AND AT THE FIRST IT SEEMED TO ME THAT I SAW CERTAIN FACES OF WOMEN WITH THEIR HAIR LOOSENED WHICH CALLED OUT TO ME THOU SHALT SURELY DIE AFTER THE WHICH OTHER TERRIBLE AND UNKNOWN APPEARANCES SAID UNTO ME THOU ART DEAD
",IT AT THE FIRST IT SEEMED TO ME THAT I SAW CERTAIN PHASES OF WOMEN WITH HER HAIR LOOSEN WHICH CAUGHT OUT TO ME THOU SHALT SURELY DIE AFTER THE WITCH OTHER TERRIBLE AND UNKNOWN APPEARANCES SAID UNTO ME THAT ARE DEAD,0.19047619
8842-302203-0001.flac,dev-clean,8842,302203,1,F,"AND SO STRONG WAS MY PHANTASY THAT I WEPT AGAIN IN VERY TRUTH AND SAID WITH MY TRUE VOICE O EXCELLENT SOUL HOW BLESSED IS HE THAT NOW LOOKETH UPON THEE
",AND SO STRONG WITH MY FANTASY THAT I WAX AGAIN IN VERY TRUTH AND SAID WITH MY TRUE VOICE O EXCELLENT SAW HOW BLESSED IS HE EVEN A LOOK AT THE PONTE,0.322580645
8842-302203-0002.flac,dev-clean,8842,302203,2,F,"WHEREBY OTHER LADIES WHO WERE ABOUT THE ROOM BECOMING AWARE OF MY DISCOMFORT BY REASON OF THE MOAN THAT SHE MADE WHO INDEED WAS OF MY VERY NEAR KINDRED LED HER AWAY FROM WHERE I WAS AND THEN SET THEMSELVES TO AWAKEN ME THINKING THAT I DREAMED AND SAYING SLEEP NO LONGER AND BE NOT DISQUIETED
",WHERE BUY OTHER LADIES WHO ARE ABOUT THE ROOM BECOMING AWARE OF MY DISCOMFORT BY REASON OF THE MOON THAT SHE MADE WHO INDEED WAS AT MY VERY NEAR KINDRED LET HER AWAY FROM WHERE I WAS AND THEN SET THEMSELVES TO AWAKEN THE THINKING THAT I DREAMED AND SAYING SPEAK NO LONGER AND BE NOT DISQUIETED,0.142857143
8842-302203-0003.flac,dev-clean,8842,302203,3,F,"WHEN BEING AROUSED I OPENED MINE EYES AND KNEW THAT IT HAD BEEN A DECEPTION
",WHEN BEING AROUSED I OPENED MY EYES AND KNEW THAT IT HAD BEEN A DECEPTION,0.066666667
8842-302203-0004.flac,dev-clean,8842,302203,4,F,"AND MY HUE WAS SUCH THAT THEY LOOK'D AT EACH OTHER AND THOUGHT OF DEATH SAYING UNDER THEIR BREATH MOST TENDERLY O LET US COMFORT HIM THEN UNTO ME WHAT DREAM WAS THINE THAT IT HATH SHAKEN THEE SO MUCH
",IN MY HUE WAS SUCH THAT THEY LOOKED AT EACH OTHER AND THOUGHT OF DEATH SAYING UNDER THEIR BREATH MOST TENDERLY I'LL LET US COMFORT HIM THEN ON TO ME WHAT DREAM WAS BUYING THAT IT HAS SHAKEN ME SO MUCH,0.2
8842-302203-0005.flac,dev-clean,8842,302203,5,F,"AND THEREWITHAL SUCH A BEWILDERMENT POSSESS'D ME THAT I SHUT MINE EYES FOR PEACE AND IN MY BRAIN DID CEASE ORDER OF THOUGHT AND EVERY HEALTHFUL THING
",AND THERE WITH ALL SUCH A BEWILDERING IT POSSESSED ME THAT I SHUT MY EYES FOR PEACE AND IN MY BRAIN DID CEASE ORDER OF THOUGHTS AND EVERY HELPFUL THING,0.333333333
8842-302203-0006.flac,dev-clean,8842,302203,6,F,"THEN SAW I MANY BROKEN HINTED SIGHTS IN THE UNCERTAIN STATE I STEPP'D INTO
",THEN SO I MANY BROKEN HITS OF SITES IN THE UNCERTAIN STATE I STEPPED INTO,0.357142857
8842-302203-0007.flac,dev-clean,8842,302203,7,F,"THESE WILDERING PHANTASIES THEN CARRIED ME TO SEE MY LADY DEAD
",BEWILDERING FANTASIES THEN CARRIED ME TO SEE MY LADY DEAD,0.272727273
8842-302203-0008.flac,dev-clean,8842,302203,8,F,"THE SECOND PART BEGINS HERE I WAS A THINKING THE FIRST PART DIVIDES INTO TWO
",THE SECOND PART BEGINS HERE I WASN'T THINKING THE FIRST PART DIVIDES INTO TWO,0.133333333
8842-302203-0009.flac,dev-clean,8842,302203,9,F,"THIS LADY'S RIGHT NAME WAS JOAN BUT BECAUSE OF HER COMELINESS OR AT LEAST IT WAS SO IMAGINED SHE WAS CALLED OF MANY PRIMAVERA SPRING AND WENT BY THAT NAME AMONG THEM
",THIS LADY'S RIGHT NAME WAS JOAN BUT BECAUSE OF HER COMELINESS OR AT LEAST IT WAS SO IMAGINED SHE WAS CALLED OF MANY PRIMAVERA SPRING AND WENT BY THAT NAME AMONG THEM,0
8842-302203-0010.flac,dev-clean,8842,302203,10,F,"AND IN HIS SPEECH HE LAUGH'D AND LAUGH'D AGAIN THEN WHILE IT WAS HIS PLEASURE TO REMAIN I CHANCED TO LOOK THE WAY HE HAD DRAWN NEAR AND SAW THE LADIES JOAN AND BEATRICE APPROACH ME THIS THE OTHER FOLLOWING ONE AND A SECOND MARVEL INSTANTLY
",IT IN HIS SPEECH HE LAUGHED AND LAUGHED AGAIN THEN WHILE IT WAS HIS PLEASURE TO REMAIN I CHANCE TO LOOK THE WAY HE HAD RUN MIRROR AND SAW THE LADIES JOAN AND BEATRICE APPROACHED ME THIS THE OTHER FOLLOWING ONE IN A SECOND MARBLE INSTANTLY,0.195652174
8842-302203-0011.flac,dev-clean,8842,302203,11,F,"THE SECOND PART BEGINS HERE SAYING BE NOW THE THIRD HERE THEN WHILE IT WAS HIS PLEASURE
",THE SECOND PART BEGINS HERE SAYING BEANO THE THIRD HERE THEN WHILE IT WAS HIS PLEASURE,0.117647059
8842-304647-0000.flac,dev-clean,8842,304647,0,F,"HE LIVES THY LOSS HE DIES FROM EVERY LIMB MANGLED BY THEE LIGHTNINGS OF GODHEAD SHINE FROM WHICH THY DARKNESS HATH NOT WHERE TO HIDE
",HE LIVES BY LOS HE DIES FROM EVERY LIMB MANGLED BY THE LIGHTNINGS OF GOD HAD SHINE FROM WHICH BY DARKNESS HAVE NOTS WHERE TO HIDE,0.32
8842-304647-0001.flac,dev-clean,8842,304647,1,F,"QUINCI IMPARA A STUPIRTI
",QUINCY AND PARIS TO PARTY,1.25
8842-304647-0002.flac,dev-clean,8842,304647,2,F,"IN FLESH WAS RAIMENTED HOW HE WAS KILLED AND BURIED FROM THE DEAD HOW HE AROSE TO LIFE WITH VICTORY AND REIGNED IN HEAVEN HOW ALL OF US SHALL BE GLORIOUS LIKE HIM WHOSE HEARTS TO HIS ARE WED HOW THEY WHO DIE FOR LOVE OF REASON GIVE HYPOCRITES TYRANTS SOPHISTS ALL WHO SELL THEIR NEIGHBOURS ILL FOR HOLINESS TO HELL HOW THE DEAD SAINT CONDEMNS THE BAD WHO LIVE HOW ALL HE DOES BECOMES A LAW FOR MEN HOW HE AT LAST TO JUDGE SHALL COME AGAIN
", HOW THE DEAD SINGS CONDEMNS THE BAD WHO LIVE HOW ALL HE DOES BECOMES A LAW FOR MEN HOW HE AT LAST TO JUDGE SHALL COME AGAIN,0.704545455
8842-304647-0003.flac,dev-clean,8842,304647,3,F,"THIS WORLD'S THICK VAPOURS WHELM YOUR EYES UNWORTHY OF THAT GLORIOUS SHOW BLIND TO HIS SPLENDOUR BENT UPON HIS SHAME
",ICE WORLD STICK VAPORS WHELMED YOUR EYES UNWORTHY OF THAT GLORIOUS SHOW BLIND HIS SPLENDOR BENT UPON HIS SHAME,0.35
8842-304647-0004.flac,dev-clean,8842,304647,4,F,"MONEY IS FALSE AND LIGHT UNLESS IT BE BOUGHT BY A MAN'S OWN WORTHY QUALITIES AND BLOOD IS SUCH THAT ITS CORRUPT DISEASE AND IGNORANT PRETENCE ARE FOUL TO SEE
",MONEY IS FALSE AND LIGHT UNLESS IT BE BOUGHT BY A MAN'S OWN WORTHY QUALITIES AND BLOOD IS SUCH THAT ITS CORRUPT DISEASE AND IGNORANT PRETENSE ARE FILE TO SEE,0.066666667
8842-304647-0005.flac,dev-clean,8842,304647,5,F,"IL POPOLO E UNA BESTIA
",THE BUFFALO UNIVERSITY,1
8842-304647-0006.flac,dev-clean,8842,304647,6,F,"THE PEOPLE IS A BEAST OF MUDDY BRAIN THAT KNOWS NOT ITS OWN FORCE AND THEREFORE STANDS LOADED WITH WOOD AND STONE THE POWERLESS HANDS OF A MERE CHILD GUIDE IT WITH BIT AND REIN ONE KICK WOULD BE ENOUGH TO BREAK THE CHAIN BUT THE BEAST FEARS AND WHAT THE CHILD DEMANDS IT DOES NOR ITS OWN TERROR UNDERSTANDS CONFUSED AND STUPEFIED BY BUGBEARS VAIN
",THE PEOPLE IS A BEAST OF MUDDY BRAIN BUT KNOWS NOT ITS OWN FORCE AND THEREFORE STANDS LOADED WITH WOOD AND STONE THE POWERLESS HANDS OF A MERE CHILD GUIDED WITH BIT AND RAIN ONE KICK WOULD BE ENOUGH TO BREAK THE CHAIN BUT THE BEAST FEARS AND WHAT THE CHILD DEMANDS IT DOES NORTH ON TERROR UNDERSTANDS CONFUSED AND STUPEFIED BY BUGBEARS VAIN,0.106060606
8842-304647-0007.flac,dev-clean,8842,304647,7,F,"MOST WONDERFUL
",MOST WONDERFUL,0
8842-304647-0008.flac,dev-clean,8842,304647,8,F,"THAT PENANCE HATH NO BLAME WHICH MAGDALEN FOUND SWEET PURGING OUR SHAME SELF PUNISHMENT IS VIRTUE ALL MEN KNOW
",THAT PENANCE HAVE NO BLAME WHICH MAGDALENE FOUND SWEET PURGING OUR SHAME SELF-PUNISHMENT IS VIRTUE ALL MEN KNOW,0.105263158
8842-304647-0009.flac,dev-clean,8842,304647,9,F,"ORGAN OF RUT NOT REASON IS THE LORD WHO FROM THE BODY POLITIC DOTH DRAIN LUST FOR HIMSELF INSTEAD OF TOIL AND PAIN LEAVING US LEAN AS CRICKETS ON DRY SWARD
",ORGAN OF RATS NOT REASON IS THE LORD WHO FROM THE BODY POLITIC. DRAIN LOST FOR HIMSELF INSTEAD OF TOIL AND PAIN LEAVING US SALINAS CRICKET SUNDRY SWARD,0.258064516
8842-304647-0010.flac,dev-clean,8842,304647,10,F,"WELL TOO IF HE LIKE LOVE WOULD FILCH OUR HOARD WITH PLEASURE TO OURSELVES SLUICING OUR VEIN AND VIGOUR TO PERPETUATE THE STRAIN OF LIFE BY SPILTH OF LIFE WITHIN US STORED
",WELL TO IF HE LIKE LOVED WOULD FILTER HORDE WITH PLEASURE TO OURSELVES SLUICING ARE VAIN AND VIGOR TO PERPETUATE THE STRAIN OF A LIFE BY SPILT OF LIFE WITHIN A STORED,0.34375
8842-304647-0011.flac,dev-clean,8842,304647,11,F,"HEAVEN HELP THAT BODY WHICH A LITTLE MIND HOUSED IN A HEAD LACKING EARS TONGUE AND EYES AND SENSELESS BUT FOR SMELL CAN TYRANNISE
",HEAVEN HELP THAT BODY WHICH A LITTLE MIND HOW'S GOING TO HEAD LACKING EARS TONGUE AND EYES AND SENSELESS BUT FOR SMELL CAN TEARING EYES,0.208333333
8842-304647-0012.flac,dev-clean,8842,304647,12,F,"DUE TO THEE THEIR PRAISE OF MAIDEN PURE OF TEEMING MOTHERHOOD
",DO TO BE THERE PRAISE OF MAIDEN PURE OF TEEMING MOTHERHOOD,0.272727273
8842-304647-0013.flac,dev-clean,8842,304647,13,F,"THOU LIKE ARCTURUS STEADFAST IN THE SKIES WITH TARDY SENSE GUIDEST THY KINGDOM FAIR BEARING ALONE THE LOAD OF LIBERTY
",DIAL LIKE ARCTURUS STEADFAST IN DISGUISE WITH TARDY SENSE GUIDE US TO THY KINGDOM FARE BEARING ALONE THE LOAD OF LIBERTY,0.35
251-118436-0000.flac,dev-clean,251,118436,0,M,"HE WAS YOUNG NO SPEAR HAD TOUCHED HIM NO POISON LURKED IN HIS WINE
",HE WAS YOUNG NO SPEARHEAD TOUCHED HIM NO POISON LURKED IN HIS WINE,0.142857143
251-118436-0001.flac,dev-clean,251,118436,1,M,"I TELL YOU IT IS NOT POISON SHE CRIED
",I TELL YOU IT IS NOT POISONED SHE CRIED,0.111111111
251-118436-0002.flac,dev-clean,251,118436,2,M,"SINCE HIS BIRTH HE HAS BEEN GUARDED SO CLOSELY THAT THE CLEVEREST POISONERS OF THE EAST COULD NOT REACH HIM
",SINCE HIS BIRTH HE HAS BEEN GUARDED SO CLOSELY THAT THE CLEVEREST POISONOUS OF THE EAST COULD NOT REACH HIM,0.05
251-118436-0003.flac,dev-clean,251,118436,3,M,"AS YOU WELL KNOW THERE ARE TEN MEN AND TEN WOMEN WHOSE SOLE DUTY IS TO TASTE HIS FOOD AND WINE AND FIFTY ARMED WARRIORS GUARD HIS CHAMBER AS THEY GUARD IT NOW
",AS YOU WELL KNOW THERE ARE 10 MEN AND 10 WOMEN WHO SOLD DUTY IS TO TASTE HIS FOOD AND WINE AND 50 ARMED WARRIORS GUARD HIS CHAMBER AS THEY GUARD IT NOW,0.060606061
251-118436-0004.flac,dev-clean,251,118436,4,M,"A LOW CONFUSED MOAN WANED FROM HIS MOUTH
",A LITTLE CONFUSED MON WAYNE FROM HIS MOUTH,0.375
251-118436-0005.flac,dev-clean,251,118436,5,M,"THE MAN SHRUGGED HIS BROAD SHOULDERS AND TURNED BACK INTO THE ARABESQUE CHAMBER
",THE MAN SHRUGGED HIS BROAD SHOULDERS AND TURN BACK INTO THE ARABESQUE CHAMBER,0.076923077
251-118436-0006.flac,dev-clean,251,118436,6,M,"THIS MAN WAS CLAD IN A BROWN CAMEL HAIR ROBE AND SANDALS AND A GREEN TURBAN WAS ON HIS HEAD
",THIS MAN WAS CLAD IN A BROWN CAMEL HAIR ROBE AND SANDALS AND A GREEN TURBAN WAS ON HIS HEAD,0
251-118436-0007.flac,dev-clean,251,118436,7,M,"NOT UNTIL THE HEAVENS WERE IN THE PROPER ORDER COULD THEY PERFORM THIS NECROMANCY
",NOT UNTIL THE HEAVENS WERE IN THE PROPER ORDER COULD THEY PERFORM THIS NECROMANCY,0
251-118436-0008.flac,dev-clean,251,118436,8,M,"WITH A LONG STAINED FINGERNAIL HE MAPPED THE CONSTELLATIONS ON THE MARBLE TILED FLOOR
",WITH A LONG STAYING FINGERNAIL HE MET THE CONSTELLATIONS ON THE MARBLE TILED FLOOR,0.142857143
251-118436-0009.flac,dev-clean,251,118436,9,M,"THE SLANT OF THE MOON PRESAGED EVIL FOR THE KING OF VENDHYA THE STARS ARE IN TURMOIL THE SERPENT IN THE HOUSE OF THE ELEPHANT
",THE SLANT OF THE MOON PRESAGED EVIL FOR THE KING OF INDIA THE STARS ARE IN TURMOIL THE SERPENT IN THE HOUSE OF THE ELEPHANT,0.04
251-118436-0010.flac,dev-clean,251,118436,10,M,"POINT OF CONTACT INQUIRED THE OTHER
",POINT OF CONTACT INQUIRER THE OTHER,0.166666667
251-118436-0011.flac,dev-clean,251,118436,11,M,"ALL DISCARDED PORTIONS OF THE HUMAN BODY STILL REMAIN PART OF IT ATTACHED TO IT BY INTANGIBLE CONNECTIONS
",ALL DISCARDED PORTIONS OF THE HUMAN BODY STILL REMAIN PART OF IT ATTACHED TO IT BY INTANGIBLE CONNECTIONS,0
251-118436-0012.flac,dev-clean,251,118436,12,M,"BUT AT THE URGENT ENTREATY OF THE PRINCESS OF KHOSALA WHO LOVED BHUNDA CHAND VAINLY HE GAVE HER A LOCK OF HIS LONG BLACK HAIR AS A TOKEN OF REMEMBRANCE
",MUCH AT THE URGENT AND TREATY OF THE PRINCES OF COOSADA WHO LOVED BONDAGE AND VEINY HE GAVE HER A LOCK OF HIS LONG BLACK HAIR AS A TOKEN OF REMEMBRANCE,0.266666667
251-118436-0013.flac,dev-clean,251,118436,13,M,"BY WHICH A SOUL IS DRAWN FROM ITS BODY AND ACROSS GULFS OF ECHOING SPACE RETURNED THE MAN ON THE MAT
",BY WHICH A SOUL IS DRAWN FROM ITS BODY AND ACROSS GOLF'S OF ECHOING SPACE RETURN THE MAN ON THE MAT,0.095238095
251-118436-0014.flac,dev-clean,251,118436,14,M,"ON THE DAIS UNDER THE GOLDEN DOME THE KING CRIED OUT AGAIN RACKED BY AWFUL PAROXYSMS
",ON THE DAIS UNDER THE GOLDEN DOME THE KINK RIDE OUT AGAIN WRECKED BY AWFUL PAROXYSMS,0.1875
251-118436-0015.flac,dev-clean,251,118436,15,M,"THEY SEEK TO SNAP THE SILVER CORD THAT BINDS ME TO MY DYING BODY
",THEY SEEK TO SNAP THE SILVER CORD THAT BINDS ME TO MY DYING BODY,0
251-118436-0016.flac,dev-clean,251,118436,16,M,"THEY CLUSTER AROUND ME THEIR HANDS ARE TALONED THEIR EYES ARE RED LIKE FLAME BURNING IN DARKNESS
",THEY CLUSTER AROUND ME THEIR HANDS ARE TELLING THEIR EYES ARE RED LIKE FLAME BURNING IN DARKNESS,0.058823529
251-118436-0017.flac,dev-clean,251,118436,17,M,"THEIR FINGERS SEAR ME LIKE FIRE
",THEIR FINGERS SIERRA ME LIKE FIRE,0.166666667
251-118436-0018.flac,dev-clean,251,118436,18,M,"I KNOW NOW WHAT BRINGS ME TO THE PYRE
",I KNOW NOW WHAT BRINGS ME TO THE PYRE,0
251-118436-0019.flac,dev-clean,251,118436,19,M,"THERE THEY STROVE TO BREAK THE SILVER CORD OF LIFE AND THRUST MY SOUL INTO THE BODY OF A FOUL NIGHT WEIRD THEIR SORCERY SUMMONED UP FROM HELL AH
",THERE THEY STROVE TO BREAK THE SILVER CORD OF LIFE AND THRUST MY SOUL INTO THE BODY OF A FILE NIGHT WEIRD AND THEIR SORCERY SUMMONED UP FROM HELL,0.103448276
251-118436-0020.flac,dev-clean,251,118436,20,M,"YOUR CRY AND THE GRIP OF YOUR FINGERS BROUGHT ME BACK BUT I AM GOING FAST
",YOU'LL CRY AND THE GROUP OF YOUR FINGERS BROUGHT ME BACK BUT I AM GOING FAST,0.125
251-118436-0021.flac,dev-clean,251,118436,21,M,"THERE WAS THE OLD IMPERIOUS NOTE IN HIS FAILING WHISPER
",THERE WAS THE OLD IMPERIUS NOTE IN HIS FAILY WHISPERER,0.3
251-118436-0022.flac,dev-clean,251,118436,22,M,"YOU HAVE NEVER DISOBEYED ME OBEY MY LAST COMMAND
",YOU HAVE NEVER DISOBEYED ME OBEY MY LAST COMMAND,0
251-118436-0023.flac,dev-clean,251,118436,23,M,"SEND MY SOUL CLEAN TO ASURA
",SEND MY SOUL CLEANED WHAT'S YOUR AURA,0.666666667
251-136532-0000.flac,dev-clean,251,136532,0,M,"THEY ALSO FOUND A MARTIAN CALENDAR THE YEAR HAD BEEN DIVIDED INTO TEN MORE OR LESS EQUAL MONTHS AND ONE OF THEM HAD BEEN DOMA
",THEY ALSO FOUND A MARTIAN CALENDAR THE YEAR HAD BEEN DIVIDED INTO 10 MORE LESS EQUAL MONTHS AND ONE OF THEM HAD BEEN DOMA,0.04
251-136532-0001.flac,dev-clean,251,136532,1,M,"BILL CHANDLER THE ZOOLOGIST HAD BEEN GOING DEEPER AND DEEPER INTO THE OLD SEA BOTTOM OF SYRTIS
",BILL CHANDLER ZOOLOGIST HAVE BEEN GOING DEEPER AND DEEPER INTO THE OLD SEA BOTTOM OF SEA ARTISTS,0.235294118
251-136532-0002.flac,dev-clean,251,136532,2,M,"THAT TOOK THE CENTER OF INTEREST AWAY FROM ARCHAEOLOGY AND STARTED A NEW BURST OF ACTIVITY
",THAT TOOK THE CENTER OF INTEREST AWAY FROM ARCHAEOLOGY AND STARTED A NEW BURST OF ACTIVITY,0
251-136532-0003.flac,dev-clean,251,136532,3,M,"THE CIVILIAN SPECIALISTS IN OTHER FIELDS AND THE SPACE FORCE PEOPLE WHO HAD BEEN HOLDING TAPE LINES AND MAKING SKETCHES AND SNAPPING CAMERAS WERE ALL FLYING TO LOWER SYRTIS TO FIND OUT HOW MUCH OXYGEN THERE WAS AND WHAT KIND OF LIFE IT SUPPORTED
",THE CIVILIAN SPECIALIST IN OTHER FIELD AND THE SPACE FORCE PEOPLE WHO HAVE BEEN HOLDING TAPE LINES AND MAKING SKETCHES AND SNAPPING CAMERAS WE'RE ALL FLYING TO LOWER CEARTAS TO FIND OUT HOW MUCH OXYGEN THERE WAS AND WHAT KIND OF LIFE IS SUPPORTED,0.136363636
251-136532-0004.flac,dev-clean,251,136532,4,M,"THEY HAD FOUR OR FIVE SPECIES OF WHAT MIGHT LOOSELY BE CALLED BIRDS AND SOMETHING THAT COULD EASILY BE CLASSED AS A REPTILE AND A CARNIVOROUS MAMMAL THE SIZE OF A CAT WITH BIRDLIKE CLAWS AND A HERBIVORE ALMOST IDENTICAL WITH THE PIGLIKE THING IN THE BIG DARFHULVA MURAL AND ANOTHER LIKE A GAZELLE WITH A SINGLE HORN IN THE MIDDLE OF ITS FOREHEAD
",THEY HAD FOUR OR FIVE SPECIES OF WHAT MIGHT LOOSELY BE CALLED BIRDS AND SOMETHING THAT COULD EASILY BE CLASSED AS A REPTILE AND A CARNIVOROUS MAMMAL THE SIZE OF A CAT WITH BIRD LIKE CLAWS AND A HERBIVORE ALMOST IDENTICAL WITH THE PIG LIKE THING IN THE BIG ARE FULL OF A MURAL AND ANOTHER LIKE A GAZELLE WITH A SINGLE HORN IN THE MIDDLE OF ITS FOREHEAD,0.125
251-136532-0005.flac,dev-clean,251,136532,5,M,"THE DAILY NEWSCASTS FROM TERRA SHOWED A CORRESPONDING SHIFT IN INTEREST AT HOME
",THE DAILY NEWS CAST FROM TARA SHOW THE CORRESPONDING SHIFT IN INTEREST AT HOME,0.384615385
251-136532-0006.flac,dev-clean,251,136532,6,M,"TONY'S FOUND THE MARTIANS
",CODY'S FOUND THE MARTIANS,0.25
251-136532-0007.flac,dev-clean,251,136532,7,M,"IT WAS LOCKED FROM THE INSIDE AND WE HAD TO BURN IT DOWN WITH A TORCH THAT'S WHERE THEY ARE
",IT WAS LOCKED FROM THE INSIDE AND WE HAD TO BURN IT DOWN WITH A TORCH THAT'S WHERE THEY ARE,0
251-136532-0008.flac,dev-clean,251,136532,8,M,"GLORIA STANDISH WHO HAD DROPPED IN FOR LUNCH WAS ON THE MEZZANINE FAIRLY SCREAMING INTO A RADIOPHONE EXTENSION DOZEN AND A HALF OF THEM
",GLORIA STANDISH WOULD DROP IN FOR LUNCH WAS ON THE MEZZANINE FAIRLY SCREAMING INTO A RADIOPHONE EXTENSION DOESN'T AND A HALF OF THEM,0.166666667
251-136532-0009.flac,dev-clean,251,136532,9,M,"WELL OF COURSE THEY'RE DEAD WHAT A QUESTION
",WELL OF COURSE THEY'RE DEAD WHAT A QUESTION,0
251-136532-0010.flac,dev-clean,251,136532,10,M,"MARTHA REMEMBERED THE CLOSED DOOR ON THE FIRST SURVEY THEY HADN'T ATTEMPTED OPENING IT
",MARTHA REMEMBER THE CLOSED-DOOR ON THE FIRST SURVEY THEY HADN'T ATTEMPTED OPENING IT,0.071428571
251-136532-0011.flac,dev-clean,251,136532,11,M,"NOW IT WAS BURNED AWAY AT BOTH SIDES AND LAY STILL HOT ALONG THE EDGES ON THE FLOOR OF THE BIG OFFICE ROOM IN FRONT
",NOW IT WAS BURNED AWAY AT BOTH SIDES AND LAY STILL HOT ALONG THE EDGES ON THE FLOOR OF THE BIG OFFICE ROOM IN FRONT,0
251-136532-0012.flac,dev-clean,251,136532,12,M,"A FLOODLIGHT WAS ON IN THE ROOM INSIDE AND LATTIMER WAS GOING AROUND LOOKING AT THINGS WHILE A SPACE FORCE OFFICER STOOD BY THE DOOR
",A FLOOD LIGHT WAS ON IN THE ROOM INSIDE AND LATIMER WAS GOING AROUND LOOKING AT THINGS WHILE A SPACE FORCE OFFICER STOOD BY THE DOOR,0.12
251-136532-0013.flac,dev-clean,251,136532,13,M,"MASS SUICIDE THAT'S WHAT IT WAS NOTICE WHAT'S IN THE CORNERS
",MASS SUICIDE THAT'S WHAT IT WAS NOTICE WHAT'S IN THE CORNERS,0
251-136532-0014.flac,dev-clean,251,136532,14,M,"YES CHARCOAL
",YES CHARCOAL,0
251-136532-0015.flac,dev-clean,251,136532,15,M,"SO THEY JUST CAME IN HERE AND LIT THE CHARCOAL AND SAT DRINKING TOGETHER TILL THEY ALL FELL ASLEEP
",SO THEY JUST CAME IN HERE AND LET THE CHARCOAL AND SAT DRINKING TOGETHER TILL THEY ALL FELL ASLEEP,0.052631579
251-136532-0016.flac,dev-clean,251,136532,16,M,"THE TERRAN PUBLIC WANTED TO HEAR ABOUT MARTIANS AND IF LIVE MARTIANS COULDN'T BE FOUND A ROOM FULL OF DEAD ONES WAS THE NEXT BEST THING
",THE TERRAN PUBLIC WANTED TO HEAR ABOUT MARTIANS AND IF LIVE MARTIANS COULDN'T BE FOUND A ROOM FULL OF DEAD ONES WAS THE NEXT BEST THING,0
251-136532-0017.flac,dev-clean,251,136532,17,M,"TONY LATTIMER THE DISCOVERER WAS BEGINNING TO CASH IN ON HIS ATTENTIONS TO GLORIA AND HIS INGRATIATION WITH SID HE WAS ALWAYS EITHER MAKING VOICE AND IMAGE TALKS FOR TELECAST OR LISTENING TO THE NEWS FROM THE HOME PLANET
",TONY LATTIMER THE DISCOVERER WAS BEGINNING TO CASH IN ON HIS ATTENTIONS TO GLORIA AND HIS INGRATIATION WITH SID HE WAS ALWAYS EITHER MAKING VOICE AND IMAGE TALKS FOR TELECAST OR LISTENING TO THE NEWS FROM THE HOME PLANET,0
251-136532-0018.flac,dev-clean,251,136532,18,M,"WITHOUT QUESTION HE HAD BECOME OVERNIGHT THE MOST WIDELY KNOWN ARCHAEOLOGIST IN HISTORY
",WITHOUT QUESTION HE HAD BECOME OVERNIGHT THE MOST WIDELY KNOWN ARCHAEOLOGIST IN HISTORY,0
251-136532-0019.flac,dev-clean,251,136532,19,M,"NOT THAT I'M INTERESTED IN ALL THIS FOR MYSELF HE DISCLAIMED AFTER LISTENING TO THE TELECAST FROM TERRA TWO DAYS AFTER HIS DISCOVERY
",NOT THAT I'M INTERESTED IN ALL THIS FOR MYSELF HE DISCLAIMED AFTER LISTENING TO THE TELECAST FROM TERRE 2 DAYS AFTER HIS DISCOVERY,0.043478261
251-136532-0020.flac,dev-clean,251,136532,20,M,"BRING IT TO THE PUBLIC ATTENTION DRAMATIZE IT
",BRING IT TO THE PUBLIC ATTENTION DRAMATIZED,0.25
251-136532-0021.flac,dev-clean,251,136532,21,M,"SO I BELIEVE I SHALL GO BACK AT LEAST FOR A WHILE AND SEE WHAT I CAN DO
",SO I BELIEVE I SHALL GO BACK AT LEAST FOR A WHILE AND SEE WHAT I CAN DO,0
251-136532-0022.flac,dev-clean,251,136532,22,M,"LECTURES
",LECTURES,0
251-136532-0023.flac,dev-clean,251,136532,23,M,"THE ORGANIZATION OF A SOCIETY OF MARTIAN ARCHAEOLOGY WITH ANTHONY LATTIMER PH D THE LOGICAL CANDIDATE FOR THE CHAIR
",THE ORGANIZATION OF A SOCIETY OF MARTIAN ARCHAEOLOGY WITH ANTHONY LATIMER PHD THE LOGICAL CANDIDATE FOR THE CHAIR,0.157894737
251-137823-0000.flac,dev-clean,251,137823,0,M,"I'LL BE GLAD TO TRY SIR HE REPLIED
",I'LL BE GLAD TO TRY SIR YOU REPLIED,0.125
251-137823-0001.flac,dev-clean,251,137823,1,M,"INSIDE A SECRET ROCKET TELEMETERING DEVICE WAS MOUNTED ON ITS TEST STAND
",INSIDE A SECRET ROCKET TELLING METERING DEVICE WAS MOUNTED ON ITS TEST AND,0.25
251-137823-0002.flac,dev-clean,251,137823,2,M,"THIS ISN'T PART OF YOUR TESTING ROUTINE IS IT
",THIS ISN'T PART OF YOUR TESTING ROUTINE IS IT,0
251-137823-0003.flac,dev-clean,251,137823,3,M,"ANOTHER ENGINEER RUSHED TOWARD THE DOOR TO SEE WHAT WAS HAPPENING OUTSIDE
",ANOTHER ENGINEER RUSH TOWARD THE DOOR TO SEE WHAT WAS HAPPENING OUTSIDE,0.083333333
251-137823-0004.flac,dev-clean,251,137823,4,M,"ELECTRONIC EQUIPMENT CASCADED FROM THE WALL SHELVES AND A HEAVY DUTY CHAIN HOIST CAME LOOSE FROM ITS OVERHEAD TRACK PLUNGING TO THE FLOOR WITH A TERRIFYING CRASH
",ELECTRONIC EQUIPMENT CASCADED FROM THE WALL SHELVES AND A HEAVY-DUTY CHAIN HOIST CAME LOOSE FROM ITS OVERHEAD TRACK PLUNGING TO THE FLOOR WITH A TERRIFYING CRASH,0
251-137823-0005.flac,dev-clean,251,137823,5,M,"AN INSTANT LATER IT CRASHED OVER PINNING MARK FABER BENEATH IT
",AN INSTANT LATER IT CRASHED OVER PINNING MARC FABER BENEATH IT,0.090909091
251-137823-0006.flac,dev-clean,251,137823,6,M,"BUD THREW UP HIS ARMS TO PROTECT HIMSELF BUT TOO LATE
",BUT THREW UP HIS ARMS TO PROTECT HIMSELF BUT TOO LATE,0.090909091
251-137823-0007.flac,dev-clean,251,137823,7,M,"FOR MINUTES NO ONE STIRRED AMONG THE WRECKAGE
",4 MINUTES NO ONE STIRRED AMONG THE WRECKAGE,0.125
251-137823-0008.flac,dev-clean,251,137823,8,M,"THEN TOM WHO HAD BEEN STUNNED BY SOME FALLING DEBRIS RAISED HIMSELF TO A SITTING POSITION
",THEN TOM WHO HAVE BEEN STUNG BY SOME FALLING DEBRIS RAISED HIMSELF TO A SITTING POSITION,0.125
251-137823-0009.flac,dev-clean,251,137823,9,M,"TOM'S EYES FOCUSED IN HORROR ON THE WRECKAGE ENVELOPED BY STILL BILLOWING DUST
",TOM'S EYES FOCUSED IN HORROR ON THE WRECKAGE ENVELOPED BY STILL BILLOWING DUST,0
251-137823-0010.flac,dev-clean,251,137823,10,M,"THE SKY WAS VISIBLE THROUGH SEVERAL GAPING HOLES IN THE ROOF WHICH WAS SAGGING DANGEROUSLY ON ITS SUPPORTING TRUSSES
",THE SKY WAS VISIBLE THROUGH SEVERAL GAPING HOLES IN THE ROOF WHICH WAS SAGGING DANGEROUSLY ON ITS SUPPORTING TRUSSES,0
251-137823-0011.flac,dev-clean,251,137823,11,M,"THE YOUNG INVENTOR HAD JUST NOTICED HIS FRIEND LYING PINNED BENEATH A HEAVY BEAM NEARBY
",THE YOUNG INVENTOR HAD JUST NOTICED HIS FRIEND LYING PIN BENEATH THE HEAVY BE NEARBY,0.2
251-137823-0012.flac,dev-clean,251,137823,12,M,"HIS FRIEND'S EYELIDS FLICKERED
",HIS FRIENDS EYELIDS FLICKERED,0.25
251-137823-0013.flac,dev-clean,251,137823,13,M,"WE'D BETTER NOT TRY TO MOVE HIM TOM DECIDED WE'LL GET AN AMBULANCE
",WE BETTER NOT TRY TO MOVE HIM CALM DECIDED WE'LL GET AN AMBULANCE,0.153846154
251-137823-0014.flac,dev-clean,251,137823,14,M,"THEY PICKED THEIR WAY THROUGH THE WRECKAGE AND EMERGED ON A SCENE OF FRIGHTFUL DESTRUCTION
",THEY PICKED THEIR WAY THROUGH THE WRECKAGE AND EMERGED ON A SCENE OF FRIGHTFUL DESTRUCTION,0
251-137823-0015.flac,dev-clean,251,137823,15,M,"LET'S SEE ABOUT GETTING HELP FOR MISTER FABER
",LET'S SEE ABOUT GETTING HELP FOR MR. FABER,0.125
251-137823-0016.flac,dev-clean,251,137823,16,M,"AND THE ONLY TRUCK WE HAD AVAILABLE WAS IN THAT BURNING SHED THE SUPERINTENDENT ADDED BITTERLY
",AND THE ONLY TRUCK WE HAD AVAILABLE WAS IN THAT BURNING SHED THE SUPERINTENDENT ADDED BITTERLY,0
251-137823-0017.flac,dev-clean,251,137823,17,M,"ANYHOW WE WANT TO HELP GOT A JOB FOR US
",ANY HOW WE WANT TO HELP GOT A JOB FOR US,0.2
251-137823-0018.flac,dev-clean,251,137823,18,M,"WITHIN MINUTES TOM WAS IN CHARGE OF CLEARING AWAY RUBBLE AND EXTRICATING ANYONE WHO MIGHT BE TRAPPED INSIDE THE BUILDINGS
",WE DID MINUTES TOM WAS IN CHARGE OF CLEARING AWAY RUBBLE AND EXTRA CATING ANYONE WHO MIGHT BE TRAPPED INSIDE THE BUILDINGS,0.2
251-137823-0019.flac,dev-clean,251,137823,19,M,"THE TELEPHONE LINE WAS SOON REPAIRED AND A STEADY STREAM OF RESCUE VEHICLES BEGAN ARRIVING FROM HARKNESS FIRE TRUCKS THREE AMBULANCES AND PRIVATE CARS DRIVEN BY VOLUNTEERS
",THE TELEPHONE LINE WAS SOON REPAIRED AND A STEADY STREAM OF RESCUE VEHICLES BEGAN ARRIVING FROM HARKNESS FIRE TRUCKS THREE AMBULANCES AND PRIVATE CARS DRIVEN BY VOLUNTEERS,0
251-137823-0020.flac,dev-clean,251,137823,20,M,"THE TWO GIRLS WERE AS MUCH UPSET AS TOM'S MOTHER TOM LAUGHED
", TOM LAUGHED,0.833333333
251-137823-0021.flac,dev-clean,251,137823,21,M,"MISTER SWIFT CAME INTO THE LIVING ROOM JUST THEN AND TOLD TOM HOW WORRIED MISSUS SWIFT AND SANDY HAD BEEN
",MR. SWIFT CAME INTO THE LIVING ROOM JUST THEN AND TOLD TOM HOW WORRIED MRS SWIFT AND SANDY HAD BEEN,0.1
251-137823-0022.flac,dev-clean,251,137823,22,M,"HE SMILED GUILTILY AS HE ADDED BUT I MUST ADMIT I WAS MORE THAN A LITTLE CONCERNED MYSELF
",HE SMILES GUILTILY AS HE ADDED BUT I MUST ADMIT I WAS MORE THAN A LITTLE CONCERNED MYSELF,0.055555556
251-137823-0023.flac,dev-clean,251,137823,23,M,"HE'S A GREAT SCIENTIST
",HE'S A GREAT SCIENTIST,0
251-137823-0024.flac,dev-clean,251,137823,24,M,"TOM NODDED UNHAPPILY
",TOM NODDED UNHAPPILY,0
251-137823-0025.flac,dev-clean,251,137823,25,M,"MALE OR FEMALE HUMAN OR ANIMAL
",MALE OR FEMALE HUMAN OR ANIMAL,0
251-137823-0026.flac,dev-clean,251,137823,26,M,"MISTER SWIFT'S EYES TWINKLED
",MISTER SWIFT EYES TWINKLED,0.25
